nome|empresa|endereco|data1|data2|numero
Anjolie Q. Campbell|Luctus Company|P.O. Box 974, 4866 Integer Av.|2018-10-23|2018-11-03|5796
Deanna F. Burnett|Quisque Nonummy Consulting|504-1917 Urna Avenue|2018-12-01|2020-06-10|7320
Cole Z. Travis|Malesuada Fames Ac Associates|P.O. Box 627, 3320 Aliquam, Road|2020-08-15|2020-09-02|7639
Sonya Y. Mckinney|Mauris Non LLP|Ap #935-8507 Pede Rd.|2018-10-13|2019-12-04|82
Logan V. Holmes|Leo Cras Foundation|Ap #235-1628 Consectetuer Rd.|2019-07-18|2019-02-03|6218
Walter D. Pace|Tempor Industries|Ap #715-8524 Donec St.|2019-08-15|2020-01-24|8857
Ebony W. Mckenzie|Ac Incorporated|Ap #459-8763 Feugiat. Rd.|2020-02-08|2018-10-18|182
Kyle Y. Rice|Ac Corp.|5026 Auctor Rd.|2019-12-08|2019-01-03|8063
Joshua I. Oneill|Tellus Foundation|P.O. Box 995, 9852 Dictum St.|2020-07-20|2019-09-30|3442
Carla I. Dodson|Convallis In Cursus Incorporated|Ap #171-500 Sit St.|2019-05-02|2020-06-09|2717
Germane D. Atkinson|Feugiat Lorem LLC|7763 Ornare, Rd.|2019-04-20|2019-08-12|6584
Riley S. Hartman|Erat Volutpat LLC|7754 Dolor, Road|2019-02-26|2020-04-03|1671
Nadine O. Valenzuela|Euismod LLC|9696 Condimentum Av.|2020-01-04|2019-09-26|282
Herman X. Dixon|Duis Dignissim Associates|P.O. Box 968, 6130 Nascetur St.|2020-01-19|2020-08-24|5282
Ivana I. Buckner|Pulvinar Industries|6316 Rutrum Rd.|2020-05-13|2019-08-03|488
Colby U. Hudson|Dolor Nonummy Ac PC|735-6774 Non Avenue|2020-05-16|2019-05-15|4605
Ethan I. Lindsay|Pede Corporation|Ap #147-5189 Metus Road|2019-09-09|2019-12-01|4628
Azalia R. Durham|Eleifend Nec Company|Ap #428-8913 Est. Rd.|2020-01-05|2020-02-02|5590
Paula B. Brown|Amet Luctus PC|4261 Tellus, Rd.|2019-04-16|2020-01-30|3253
Yuli J. Underwood|Molestie Tortor Limited|Ap #420-9752 Vitae, St.|2018-11-11|2019-11-13|3348
Dale V. Fernandez|Cras Ltd|P.O. Box 568, 4311 Accumsan St.|2018-12-28|2019-08-08|4555
Kibo A. Bray|Phasellus Vitae Corporation|3902 Dolor Ave|2020-04-10|2020-07-27|8405
Ebony J. Talley|Eu Euismod Consulting|Ap #648-8302 Tellus St.|2020-08-27|2019-02-26|463
Carolyn O. Hayden|Fermentum Metus Aenean Consulting|P.O. Box 844, 3332 Suspendisse Rd.|2019-06-14|2018-09-16|4309
Dylan C. Phelps|Vestibulum Ante Associates|561-4314 Dolor Road|2020-01-30|2020-07-24|4665
Halee R. Hahn|Faucibus Orci Luctus Ltd|188-6761 Donec Avenue|2018-12-27|2019-11-12|3202
Angela I. Gay|Parturient Montes Incorporated|P.O. Box 269, 7718 Donec Ave|2020-08-31|2019-12-02|310
Kasper Y. Prince|Donec Felis Orci Associates|7517 Etiam Road|2019-02-08|2019-10-10|3442
Leonard R. Emerson|Sed Associates|P.O. Box 423, 9327 Et St.|2020-02-17|2019-08-28|5374
Cailin X. Burt|Iaculis Corp.|7481 Mus. St.|2020-01-22|2019-08-30|4761
Marsden A. Fernandez|Mauris Molestie LLC|Ap #834-7386 Enim. Avenue|2020-03-09|2018-10-27|1981
Yasir D. Fletcher|Sodales At LLC|8334 Erat Rd.|2020-09-14|2020-04-16|7236
Tamara D. Perry|Donec Nibh Inc.|8169 Sed Ave|2019-03-20|2020-01-24|3431
Jermaine S. Mcknight|Urna Et Inc.|P.O. Box 857, 6608 Ad Road|2018-10-25|2019-09-27|4907
Tanek M. Barron|Porttitor Tellus Non LLP|506-2069 Gravida Rd.|2020-03-31|2020-06-29|7158
Anjolie X. Torres|Sed Associates|4630 Tellus. Street|2020-02-10|2020-01-23|1960
Igor Y. Grant|Est Arcu Ac Institute|P.O. Box 965, 2922 Cras Rd.|2020-07-10|2019-02-07|8814
Hannah E. Stevens|Ut Tincidunt Orci Consulting|Ap #105-743 Mauris St.|2020-01-26|2018-12-03|2945
Travis C. Whitfield|Libero Et Associates|805-1066 Sodales Avenue|2018-12-02|2018-09-22|5855
Lawrence E. Crawford|Augue Foundation|Ap #659-3378 Orci Av.|2018-09-23|2020-07-25|96
Halee G. Davenport|Nunc Incorporated|603-8556 Ante St.|2020-06-17|2019-07-09|5092
Faith Z. Blankenship|Ac Inc.|8865 Vitae, Rd.|2019-09-30|2019-08-25|530
Galena I. Head|Pellentesque PC|Ap #131-536 Nascetur Road|2019-08-28|2019-12-08|8200
Serina Z. Walsh|Curabitur Limited|P.O. Box 550, 2430 Eu Road|2020-01-24|2018-10-08|6149
Lydia L. Pitts|Proin Incorporated|4999 Ullamcorper. Av.|2019-05-16|2019-05-27|8465
Nasim H. Finley|Velit Dui Semper Institute|822-7795 Nulla Ave|2019-01-16|2019-01-17|9559
Meghan H. Spence|Donec Foundation|Ap #423-5393 Tellus Street|2020-08-29|2020-03-06|2873
Mariam S. Sharp|Risus Donec Egestas Corporation|7917 Sapien, Rd.|2019-10-05|2020-07-04|7291
Rose E. Knapp|Non Nisi Corporation|256-5587 Nascetur St.|2020-01-27|2020-01-12|4983
Vaughan J. Raymond|Ac Limited|258-8474 Orci Street|2019-07-19|2020-08-15|1804
Yasir P. Park|Non Limited|3294 Morbi St.|2019-08-14|2019-06-03|6158
Ivana F. Hobbs|In Hendrerit Corporation|Ap #606-7464 Sagittis Street|2020-01-28|2018-09-16|5135
Amela W. Waters|Ullamcorper Nisl LLP|2191 Facilisis Av.|2020-01-14|2019-03-03|83
Darius U. Hancock|Ut Molestie In Incorporated|3508 Malesuada Rd.|2019-11-06|2019-05-20|4092
Ryder U. Ortega|Duis Corporation|6928 Arcu. Street|2020-02-04|2020-05-15|8021
Cora G. Hansen|Nam LLP|817-810 Ut St.|2020-09-07|2020-01-18|3787
Richard M. Jimenez|Ligula Aliquam PC|1661 Nullam St.|2020-03-16|2020-03-21|4808
Laith A. Swanson|Condimentum Company|9903 Mauris, St.|2020-04-04|2020-09-01|8417
Alexander Q. Schneider|Et Magnis Dis Limited|P.O. Box 218, 7159 Imperdiet St.|2019-12-14|2019-08-24|7132
Ethan Z. Hays|Elementum Dui LLP|448-6254 Felis Street|2020-06-12|2020-05-18|7403
Stacey I. Huff|Enim Mauris Quis Inc.|590-1352 Et Road|2019-04-16|2020-03-17|6688
Melvin L. Pollard|Mauris PC|Ap #828-5674 Ut St.|2018-11-29|2020-05-08|2998
Brock T. Dunlap|Metus Aliquam Company|8797 Sed Street|2020-05-15|2020-07-01|5003
Erin Y. Bradley|Egestas Ligula Corporation|Ap #952-5763 Eget Rd.|2019-07-18|2019-08-25|4413
Demetrius S. Turner|Pede Ultrices A Industries|P.O. Box 518, 2546 Nulla Rd.|2020-04-16|2019-02-18|377
Paki F. Gibson|Luctus Ltd|P.O. Box 773, 498 Accumsan St.|2020-02-12|2019-03-22|7130
Kadeem Z. Pierce|Dolor Nulla Semper LLC|331-5280 Quis Rd.|2019-01-05|2019-12-27|4728
Brian Z. Hood|Mi Corporation|844-3816 Risus St.|2019-05-12|2018-09-23|3477
Vielka C. Holt|Sem Company|1511 Tincidunt, St.|2019-11-08|2019-12-12|3336
Lillian H. Dixon|Curabitur Limited|P.O. Box 161, 259 Egestas. Road|2018-11-08|2019-11-18|2990
Theodore K. Horne|Fringilla LLP|5044 Orci. Rd.|2019-05-14|2019-01-07|6118
Channing V. Foreman|Lobortis Corp.|4026 Amet Ave|2019-02-15|2020-03-26|5534
Carl L. Rhodes|Luctus Ipsum Leo Company|5081 Malesuada Road|2019-07-13|2020-08-06|6256
Gillian Z. Bullock|Velit Sed Corp.|P.O. Box 580, 3050 Est St.|2020-02-12|2019-11-08|3573
Griffith R. Lamb|Mus Aenean Company|1484 Ut St.|2020-07-31|2019-10-07|1662
Martha F. Grant|Mauris Ipsum Consulting|Ap #129-9767 Arcu Avenue|2020-01-11|2019-08-15|1657
Xaviera W. Patton|Nibh Vulputate Incorporated|P.O. Box 491, 3088 Et St.|2020-08-24|2020-05-09|4998
Vincent S. Le|Aliquam Ornare Libero Institute|638-970 Erat Ave|2018-10-24|2018-11-10|3737
Chadwick M. Jarvis|Nullam Associates|P.O. Box 228, 8332 Non, St.|2018-10-31|2019-11-08|4667
Amos B. Jarvis|Mauris Blandit Mattis Consulting|P.O. Box 305, 9227 Risus. Avenue|2019-12-06|2019-03-12|7884
Nero S. Mckay|Curabitur Massa Associates|882-2866 Tincidunt Road|2020-09-03|2019-07-26|3608
Shad H. Levine|Aliquam Erat Corporation|562-5805 Ut Rd.|2019-10-06|2019-07-29|998
Justine T. Houston|Penatibus Et Corporation|832-2179 Etiam Avenue|2019-07-15|2019-06-11|7574
Sybill W. Hutchinson|Lorem Vitae Incorporated|547-506 Velit. Road|2020-07-25|2020-08-02|6557
Lionel N. Stuart|Egestas Hendrerit Corporation|7689 Lorem, Ave|2020-08-17|2020-03-03|833
Channing K. Richards|Eget Lacus Company|P.O. Box 818, 7108 Nunc Ave|2020-03-17|2019-09-20|1966
Mira P. Booker|Nulla Institute|P.O. Box 832, 7966 Nullam Ave|2020-03-05|2018-11-24|6602
Declan H. Bender|Mi Felis Corp.|P.O. Box 245, 7410 Massa. Rd.|2020-01-01|2018-10-19|1636
Lucy X. Morgan|Enim Suspendisse Aliquet Corp.|669-1707 Ac Street|2019-03-14|2020-03-01|1401
Zeph E. Norton|Tempus Eu LLC|5743 Aliquet Road|2019-11-15|2018-12-01|9026
Jessica F. Burks|Bibendum Donec LLP|P.O. Box 984, 3980 Et Street|2020-04-12|2020-09-04|1750
Shelley S. Kline|Ut LLP|6924 Amet, St.|2019-08-20|2020-04-16|8357
Kevin W. Olsen|Aliquam Fringilla Cursus Foundation|P.O. Box 484, 7212 Ac St.|2020-08-01|2019-10-25|7615
September W. Flynn|Mollis Duis PC|314-1380 Luctus Ave|2020-04-28|2018-09-25|3144
Sheila Y. Reeves|Lorem Vehicula Et Industries|9401 Euismod Rd.|2019-11-15|2020-02-25|9024
Chancellor A. Clark|Etiam Laoreet Company|2277 Elit Street|2019-11-19|2020-06-24|7860
Hiram F. Harrington|Sit Amet Consectetuer Institute|7699 Dolor Road|2020-01-24|2020-02-10|8161
Orla T. Cardenas|Orci LLP|6613 Erat. Rd.|2019-10-24|2020-07-10|6200
Tanner C. Gamble|Tempor Arcu PC|P.O. Box 437, 8248 Vulputate, Rd.|2019-09-27|2019-03-24|1592
Conan I. Allison|Vulputate Eu Limited|Ap #840-5841 Gravida Rd.|2020-01-30|2019-08-24|5947
Isaiah J. Chavez|Nonummy Corporation|956-2707 Consectetuer Road|2018-12-21|2018-10-12|5568
Tarik V. Allen|Malesuada Vel Convallis Corporation|P.O. Box 291, 9490 Cursus Street|2018-11-14|2020-07-17|9824
Ava M. Owens|Eu Odio Phasellus Corporation|122 Placerat, Street|2020-02-23|2019-10-25|1690
Felicia R. Blackburn|Bibendum Incorporated|504-3063 Volutpat. St.|2019-10-07|2020-06-18|9400
Petra V. Curry|Proin Foundation|P.O. Box 707, 2084 Convallis Rd.|2019-10-27|2019-08-27|8459
Riley M. Wise|Eu Erat Incorporated|P.O. Box 167, 208 Arcu. Av.|2020-02-25|2019-09-10|4287
Fletcher U. Hess|Mauris Non Dui Corp.|Ap #752-2774 A, Av.|2018-11-16|2020-08-26|7562
Urielle T. Larsen|Risus At Company|P.O. Box 563, 4431 Integer Avenue|2019-06-20|2019-03-03|9869
Chase P. Padilla|Vulputate LLP|P.O. Box 819, 2614 Mi, Avenue|2019-04-20|2020-03-30|8226
Igor S. Stephenson|Enim Etiam Corporation|686-9941 Blandit. Av.|2019-11-27|2020-08-02|1575
Skyler A. Kirby|Nulla Facilisis Suspendisse Associates|692-8260 Sed Ave|2019-12-30|2018-11-06|1905
Naomi T. Sweeney|In Consectetuer Foundation|P.O. Box 928, 7537 Arcu. Rd.|2018-10-20|2019-09-12|3959
Orli O. Harrington|Mauris Ltd|780-9879 Habitant Ave|2019-10-13|2020-05-26|1597
Rosalyn Y. Christian|Sem Ltd|936-2178 Id Av.|2019-09-10|2020-04-05|1778
Indigo T. Barrera|Odio LLP|214-9978 Cursus Av.|2019-02-03|2019-11-22|5695
Deborah B. Mann|Curabitur Consequat Consulting|722-7847 Pellentesque Street|2020-07-19|2019-01-17|5003
Kane J. Cruz|Eros Turpis LLC|Ap #366-1196 Fringilla Street|2020-01-09|2019-05-26|7586
August V. Padilla|Eget Lacus Company|9060 Maecenas St.|2020-08-29|2020-05-17|4838
Yasir B. Hunter|Neque Tellus Company|Ap #449-6674 Eget St.|2019-03-29|2019-05-28|4896
Hadley H. Hill|Etiam Laoreet Libero Corporation|Ap #823-984 Ipsum Road|2019-03-31|2019-05-28|7862
Janna E. Peterson|Lacinia Orci Corporation|P.O. Box 322, 1432 Ullamcorper, Avenue|2019-01-06|2018-09-26|3519
Joshua U. Armstrong|Quis Arcu Vel LLP|764 Fermentum Rd.|2019-09-23|2019-09-03|9410
Amery H. Doyle|Turpis In Incorporated|6845 Iaculis Rd.|2020-03-28|2019-08-12|6694
Bernard K. Eaton|At Nisi Associates|P.O. Box 114, 2779 Consectetuer St.|2019-10-12|2018-11-12|357
Kylan G. Nichols|Nulla In Corp.|P.O. Box 790, 155 Donec Ave|2020-05-31|2020-04-16|7646
Sydnee Z. Shepherd|Ac Fermentum Limited|4519 Ultrices. Street|2019-02-05|2020-01-08|238
Daquan U. Rose|Auctor Ullamcorper Nisl Company|P.O. Box 191, 7315 Tellus Road|2020-08-07|2018-12-05|8838
Chanda J. Gibson|Dignissim Company|616-8826 Hendrerit Street|2020-03-09|2019-12-22|4974
Finn D. Bean|Magnis Dis Parturient Corporation|948-2694 Non Rd.|2018-09-29|2020-07-15|4854
Chandler T. Owens|Mattis Semper Dui PC|P.O. Box 751, 2128 In Av.|2019-01-11|2018-10-15|4376
Jesse O. Kidd|Odio A Company|975-3030 Hendrerit. Rd.|2020-06-24|2019-12-01|4514
Colorado K. Mccray|Non Associates|P.O. Box 431, 1171 In, Street|2020-06-13|2019-06-19|532
Ali A. Riggs|Duis Foundation|P.O. Box 431, 596 Mauris Rd.|2018-11-08|2019-07-11|5764
Sylvia S. Gibson|Nisl Elementum Purus LLC|1093 Ac St.|2020-01-16|2020-06-09|4981
Tobias J. Garrison|Nibh Ltd|Ap #837-9305 Risus. Rd.|2019-08-27|2020-04-25|5304
Dennis V. Bean|Montes Nascetur Ridiculus Corp.|6600 Ut Street|2020-06-16|2018-11-06|6412
Inga W. Hill|Mollis Consulting|P.O. Box 743, 8245 Tellus. Avenue|2018-11-05|2020-03-14|3593
Courtney C. Sellers|Aliquam Limited|687-6428 Ac Rd.|2020-07-20|2019-05-14|3970
Alan X. Dalton|Fermentum Arcu Vestibulum Incorporated|P.O. Box 487, 5228 Cras St.|2019-12-19|2020-05-04|7756
Lane Z. Oliver|Eros Non Enim Company|P.O. Box 555, 3612 Pede. St.|2020-04-12|2019-01-07|7104
Natalie O. Weber|Bibendum Company|Ap #943-4537 Vestibulum, Avenue|2020-06-08|2019-01-16|4819
Larissa G. Glover|Penatibus Company|P.O. Box 302, 1326 Malesuada Road|2018-10-22|2020-04-05|762
Jolene M. Hernandez|Pede Malesuada Consulting|639-1223 Erat. Rd.|2018-10-16|2018-09-29|5999
Quinlan A. Bradley|Magna Suspendisse LLC|Ap #463-8179 Urna. St.|2020-05-10|2019-01-04|237
Mufutau I. Avery|Lacus Corporation|P.O. Box 786, 8457 Elit, Rd.|2019-09-24|2019-01-03|4383
Nicholas E. Swanson|Nec Ligula Consulting|Ap #677-7619 Tempor Street|2019-08-04|2019-09-30|3168
Rigel H. Valdez|Sollicitudin Adipiscing Ligula Associates|P.O. Box 690, 5193 Etiam Av.|2018-10-21|2020-02-25|1173
Jason W. Daniels|Dictum Ultricies Company|6910 Morbi Ave|2019-09-28|2018-11-21|3092
Zelenia A. Buck|Consequat Nec Foundation|2125 Integer Avenue|2020-09-03|2020-03-12|3106
Curran P. Wolfe|Dapibus Rutrum Justo LLP|1873 Metus Road|2019-06-15|2020-06-23|9995
Cadman D. Britt|Hendrerit Neque Industries|Ap #667-4631 Nam Avenue|2019-06-01|2018-12-19|9267
Burke L. Mcdonald|Phasellus Vitae Mauris Inc.|2117 Magna. Rd.|2019-11-06|2019-10-07|4027
Kaitlin K. Carlson|Nibh Quisque Ltd|6743 A, Av.|2018-12-02|2019-07-10|1611
Upton T. Calhoun|Quis Institute|Ap #764-4693 Nunc Rd.|2020-07-22|2019-04-28|2026
Fallon H. Gregory|Ut Nisi Industries|866-8584 Mi Road|2018-11-07|2019-12-29|9495
Aristotle X. Lawrence|Amet Orci Associates|4498 Libero. St.|2020-06-20|2019-11-29|499
Deanna G. Mills|Eros Nec Inc.|1442 Dapibus St.|2020-09-07|2019-08-29|249
Dana Q. Barr|Dui Nec Limited|Ap #373-3899 Mus. Street|2019-03-18|2020-06-23|3273
Elaine Y. Savage|Ac Incorporated|Ap #983-876 Cum St.|2019-04-10|2018-09-22|1073
Raya F. Daniel|Ac Consulting|P.O. Box 324, 3826 Mauris. St.|2019-03-01|2019-11-10|1787
Madison W. Rogers|Nonummy Ipsum Non Corporation|P.O. Box 634, 5901 Donec Av.|2020-09-12|2018-11-03|665
Carissa G. Baldwin|Dui LLP|P.O. Box 968, 9932 Nec Street|2018-09-15|2020-05-01|5606
Zephr O. Rocha|Sit Amet Ornare LLP|543-5366 Aliquam St.|2018-10-17|2019-09-15|2072
Moses F. Berg|Semper Corporation|1921 Inceptos Rd.|2019-02-08|2020-03-02|3421
Justin N. Salazar|Vel Est Tempor Industries|P.O. Box 808, 5335 Amet Av.|2020-01-28|2020-06-02|5707
Velma P. Park|Non Dapibus Rutrum Incorporated|P.O. Box 765, 5494 Mi Avenue|2020-04-15|2020-04-26|7571
Brynn L. Mcclure|Nulla Tincidunt Neque Limited|3703 Posuere Rd.|2020-07-06|2019-06-05|24
Rae O. Erickson|Tellus Non Magna Incorporated|134-6914 Diam Road|2019-04-05|2019-09-09|380
Ignatius F. Sweet|Tempus Scelerisque LLP|Ap #473-3629 Lacinia. Rd.|2020-05-13|2020-05-11|1268
Armando V. Levy|Ligula Industries|2798 Pede Ave|2020-05-10|2018-10-31|6687
Cecilia J. Hurst|Mattis Company|971-2438 Ridiculus Rd.|2020-02-07|2020-03-16|2709
Rina H. Hood|Arcu Curabitur Ut Associates|983-8174 Dictum Street|2020-07-16|2020-01-29|77
Bree G. White|Hendrerit Corp.|P.O. Box 723, 7866 Eu, St.|2018-11-24|2018-12-21|3897
Bruce S. Valencia|Sagittis LLP|3933 Lorem, Rd.|2018-09-21|2020-01-15|8073
Colorado X. Mayo|Tellus Associates|764-5584 Auctor Road|2019-08-13|2020-04-24|9864
Jana S. Bowman|Tincidunt PC|5642 Lectus Av.|2020-07-27|2020-03-20|7269
Graham C. Dillon|Nec Cursus A PC|325-8130 Varius Ave|2019-08-23|2019-09-25|4120
Rhea B. Brady|Est Mauris Limited|P.O. Box 443, 3063 A, Av.|2020-05-27|2019-07-23|2324
Ezekiel B. Heath|Porta Elit A Consulting|P.O. Box 200, 502 Facilisis, St.|2019-07-12|2019-12-23|8592
Raphael Z. Tucker|Nisl LLC|9938 Curabitur Road|2019-09-01|2020-09-13|7640
Violet Q. Rose|Convallis Incorporated|Ap #650-7723 Ut St.|2018-10-24|2020-05-03|7056
Brynne M. Booker|Non Hendrerit LLC|392-6152 Risus Rd.|2020-06-21|2019-10-26|1924
Isabelle Q. Lawson|Ut Quam Vel Company|Ap #851-5023 Consequat Street|2019-07-16|2020-05-28|1396
Zachary C. Suarez|Risus Quis Corporation|Ap #526-5604 Fusce Rd.|2019-04-12|2019-02-04|6733
Gabriel B. Dillard|Metus In Corp.|Ap #251-3643 Enim St.|2019-12-25|2018-09-24|7232
Hunter A. Odonnell|Sed Institute|106-3160 Dui. St.|2019-07-23|2018-12-03|6798
Gray B. Deleon|Facilisis Industries|897-4787 Iaculis Rd.|2018-10-07|2019-05-06|7505
Lavinia G. Powers|Vulputate LLC|Ap #447-3941 Varius Av.|2018-10-02|2019-11-05|5295
Danielle T. Oneill|Ut Corp.|4643 Non, Rd.|2019-10-01|2018-12-17|6660
Caesar L. Hammond|Ultrices Company|P.O. Box 705, 4426 Consequat Ave|2019-02-20|2019-11-29|5908
Herrod M. Vargas|Mollis Duis Sit Consulting|Ap #895-7898 Sapien. Av.|2019-11-13|2020-08-04|5016
Hope U. Sexton|Sociis PC|4042 Magna. Ave|2019-08-06|2018-10-13|3285
Gretchen K. Barnett|Integer Vulputate Risus PC|Ap #195-741 Ac Av.|2020-08-16|2019-06-28|710
Sade J. Nicholson|Cursus Inc.|P.O. Box 856, 111 Ut Ave|2020-03-04|2019-07-08|1609
Dacey H. Snider|Vel Lectus Foundation|P.O. Box 905, 9396 Nullam St.|2019-03-09|2019-09-18|3926
Frances C. Rice|Sem Foundation|6887 Ipsum. St.|2019-01-06|2020-07-24|9108
Penelope X. Miles|Pede Cras Vulputate Consulting|Ap #380-4197 Curabitur Road|2020-02-12|2019-04-12|2276
Whitney E. Terrell|Amet Consulting|283-2974 Cursus Avenue|2018-11-09|2019-11-04|4343
Shellie E. Suarez|Diam Sed Inc.|Ap #356-4311 Suspendisse Rd.|2019-01-25|2019-11-15|6210
Lyle D. Grimes|Ante LLC|324-9685 Eu Street|2019-06-25|2018-10-23|8219
Clinton B. Robertson|Donec Est Institute|7478 Eu Rd.|2020-08-11|2019-11-19|2410
Maris D. Mcleod|Ornare Egestas Consulting|1253 Aliquam St.|2020-04-23|2019-04-12|5494
Blaze F. Sawyer|Cursus PC|P.O. Box 347, 6867 Nibh Ave|2019-12-09|2019-12-21|4332
Jameson M. Battle|Scelerisque Neque Incorporated|498 Sit Road|2020-07-13|2020-09-01|8868
Hilda V. Hatfield|Tortor Dictum Eu Company|3405 Venenatis Rd.|2019-11-16|2019-10-20|3014
Noelle Q. Stevenson|Maecenas Libero Consulting|2751 Donec Av.|2020-08-27|2020-09-07|2740
Stuart L. Chang|Lorem Corporation|8808 Vitae, Avenue|2020-01-10|2020-07-16|5329
Britanney O. Brewer|Nunc Industries|604-3747 Cursus, St.|2019-04-14|2020-04-22|2514
Odysseus B. Grant|Quis Turpis PC|P.O. Box 603, 3744 Sed Rd.|2018-10-31|2019-06-27|3971
Tamekah G. Morrison|Quis Lectus Nullam LLP|P.O. Box 448, 3109 Molestie Av.|2019-08-21|2018-11-14|1940
Germaine V. Beach|A Corp.|9401 Tincidunt Road|2019-05-04|2020-03-04|8792
Denton P. Mcneil|Eu Ligula Aenean Consulting|Ap #368-7822 Lacus St.|2020-04-27|2018-11-18|4890
Linda J. Petty|Arcu Et Pede Industries|Ap #263-2870 Mauris. St.|2018-10-04|2020-04-22|7270
Lois C. Schroeder|Amet Company|Ap #363-240 Blandit Av.|2018-10-02|2019-08-24|6626
Tashya M. Kirby|Luctus Sit Foundation|655-3562 At Street|2018-11-18|2019-03-10|982
Kitra I. Cash|Vivamus Rhoncus Foundation|204-5132 Arcu. Avenue|2020-08-28|2019-11-26|4230
Addison A. Clayton|Nulla Tincidunt Neque Company|P.O. Box 741, 8772 Ultrices. Street|2018-12-30|2019-10-10|1703
Mariam K. Lynch|In Tempus Company|990-2015 Eleifend. Rd.|2019-07-21|2020-08-29|2437
Graiden B. Puckett|Donec Egestas LLP|Ap #534-5325 Ac Rd.|2019-04-02|2019-11-09|8949
Tashya H. Campbell|Nibh LLC|934-580 Quis, Rd.|2018-10-25|2019-11-25|6517
Chelsea V. Marsh|Cras Lorem Associates|P.O. Box 935, 1444 Donec Rd.|2019-10-08|2020-05-05|2997
Ezekiel V. Haynes|Ipsum Company|905-7458 Quisque Street|2019-11-21|2020-07-20|5398
Hall E. Hudson|Curabitur Corporation|P.O. Box 434, 4113 Integer Rd.|2020-05-17|2019-06-23|1526
Guy H. Horne|Pellentesque Habitant Associates|Ap #662-6788 Pharetra Rd.|2018-12-22|2020-08-12|8837
Alan X. Hood|Placerat Eget LLC|P.O. Box 659, 1114 Erat Street|2020-07-26|2020-03-02|6753
Nicole R. Walter|Dui Nec Urna PC|585-7020 Tempor Av.|2020-01-08|2019-01-14|977
Upton Y. Franco|Sem Corporation|433-9876 Et St.|2018-11-12|2020-01-13|8532
Demetria P. Galloway|Pretium Ltd|Ap #589-1481 Semper Road|2020-07-23|2019-08-14|5914
Kyla K. Butler|Libero Mauris Aliquam Industries|4482 Lorem Av.|2019-07-02|2019-01-03|9338
Brooke K. Hendricks|Felis Corporation|Ap #760-1553 Fusce Av.|2018-11-14|2018-09-27|915
Flavia N. Gomez|Lectus A Sollicitudin Consulting|3813 Nisi Street|2020-08-12|2020-02-09|5685
Sawyer Y. Lambert|Netus Et Malesuada Ltd|9095 Urna Av.|2020-08-01|2020-08-11|4531
Genevieve P. Chen|Magnis Foundation|710-993 Ultrices Rd.|2020-04-13|2019-02-15|2015
MacKensie V. Park|Dapibus Corp.|9925 Euismod Rd.|2019-11-12|2019-08-12|7151
Jemima G. Peterson|Aliquam Eros LLC|3549 Nunc Ave|2019-09-25|2019-05-01|915
Kylynn J. Edwards|Elementum Purus Inc.|740-5679 Posuere, Road|2020-01-17|2020-03-12|5196
Jordan X. Rocha|Risus Nunc Incorporated|P.O. Box 683, 5114 Nisl Ave|2019-10-27|2020-04-26|2306
Deanna H. Simon|Natoque Consulting|7588 Quam, Street|2018-11-28|2020-01-10|4333
Warren I. Morales|Odio Vel Corp.|P.O. Box 755, 2327 Vivamus Ave|2018-12-19|2020-01-23|4106
Amir A. Villarreal|Phasellus Libero Mauris Consulting|997-6717 Nulla Rd.|2019-01-25|2020-02-01|3342
Sade R. Franco|Et Libero Proin Corp.|P.O. Box 937, 3961 Aliquet Avenue|2019-07-30|2020-04-10|7440
Jordan E. Combs|Sed Nec Ltd|271-2220 Neque. Road|2019-09-16|2019-03-28|4541
Addison Z. Mckee|Mattis LLP|317-6562 Magnis St.|2018-11-12|2019-11-06|4183
Dora C. Vasquez|Fermentum Convallis Company|P.O. Box 983, 5962 Non Ave|2019-11-13|2020-03-27|2721
Sawyer R. Conner|Id Blandit Industries|5611 Nisi Rd.|2018-12-20|2020-06-25|9546
Orlando S. Hudson|Mauris Ut Quam Industries|564-6009 Molestie Av.|2020-07-05|2019-09-24|436
Ava B. Gray|Est Corporation|P.O. Box 466, 5144 Montes, St.|2019-01-12|2019-12-26|8052
Hector L. Galloway|Curae; Donec LLP|9180 Dis Road|2019-12-21|2019-01-03|2071
Joan P. Berry|Nibh Industries|541-4234 Auctor Rd.|2019-09-19|2019-08-01|9579
Castor P. York|Quisque Varius Industries|525-7840 Sed Road|2019-01-05|2018-11-15|8971
Leila G. Mcgee|Pharetra Incorporated|P.O. Box 150, 8239 Est, Rd.|2020-03-27|2020-04-30|2740
Ciaran C. Murphy|Nascetur Ridiculus Mus Incorporated|Ap #961-9427 Ac Ave|2019-10-22|2020-06-27|5122
Sacha U. Velez|Turpis LLC|525-5770 Tristique Street|2019-06-05|2019-10-22|6640
Regina T. Irwin|Ut Pellentesque Eget Corp.|P.O. Box 393, 2860 Aenean Rd.|2020-07-16|2019-12-08|6652
Cooper J. Sandoval|Non Feugiat PC|Ap #492-5149 At Rd.|2019-11-27|2019-11-07|1328
Zachery X. Beck|Eu Company|P.O. Box 178, 5284 Lacinia St.|2019-06-18|2019-07-21|4401
Drake B. Hall|Mauris Elit Dictum Ltd|7531 Aliquet Rd.|2019-04-21|2018-11-12|2811
Steel N. Alford|Dolor Nulla PC|4899 Et Rd.|2019-07-28|2019-09-21|8881
Cleo Y. Randolph|Sem Ut LLC|771-5119 A Ave|2019-01-14|2019-03-25|369
Kenneth W. Langley|Faucibus Ut Industries|6594 Amet, Ave|2018-11-19|2019-06-15|611
Oprah Q. Daniels|Erat Neque LLP|4950 Aliquam Rd.|2018-09-29|2018-11-24|6346
Kiayada H. Wiggins|Sed Ltd|P.O. Box 540, 2642 Eget Avenue|2020-04-14|2020-05-25|1742
Alexis A. Merrill|Ante Industries|317-9520 Vitae Ave|2020-04-11|2018-11-28|3586
Lance H. Benjamin|Ante Maecenas Mi Industries|184-6130 Adipiscing. Av.|2019-08-27|2020-02-21|7852
Reed V. Henson|Turpis LLP|Ap #758-2441 Tortor. St.|2019-08-06|2019-01-10|7492
Kay W. Holden|Imperdiet Foundation|393-2870 Gravida St.|2020-01-12|2020-06-23|6588
Owen V. Lindsey|Auctor Velit Associates|P.O. Box 168, 1094 Pharetra, St.|2019-07-24|2019-05-04|9215
Alma B. Yates|Felis Associates|Ap #821-731 Eu Avenue|2020-02-24|2019-05-17|4454
Chiquita T. Nicholson|Id Nunc Interdum Corp.|Ap #792-2813 Vitae Rd.|2019-08-02|2019-05-28|3628
Aaron U. Ball|Nunc Mauris Sapien Foundation|Ap #433-1395 Ac Ave|2019-02-05|2019-07-04|3782
Jelani Y. Ramirez|Mus Proin Associates|3631 Erat, St.|2019-08-29|2020-01-17|2422
Cecilia L. Barnes|Dignissim Limited|Ap #145-7002 Ut Rd.|2019-08-23|2019-03-01|5754
Abel D. Oliver|Mauris A Nunc Associates|827-8840 Et, Street|2019-05-21|2019-02-15|7101
Thaddeus K. Wilkins|Felis Orci Adipiscing Ltd|P.O. Box 218, 5164 Eu Rd.|2020-09-10|2019-03-11|4107
Dustin Y. Callahan|Facilisis Associates|P.O. Box 697, 9728 Leo. Rd.|2020-06-08|2018-11-14|2462
Kay P. Puckett|At Associates|Ap #834-8738 Scelerisque St.|2020-01-24|2020-02-09|7330
Samson H. Page|Suspendisse Aliquet Sem Foundation|477-2650 Congue Avenue|2019-07-11|2018-09-25|2732
Rahim T. Owens|Diam Dictum Sapien Inc.|P.O. Box 336, 4739 Donec Ave|2019-12-12|2019-01-16|2193
Uta Q. Wong|Vel Limited|4086 Porta St.|2019-06-29|2018-11-13|8149
Phyllis U. Pacheco|Commodo Auctor Associates|P.O. Box 596, 8797 Gravida St.|2020-06-19|2019-10-26|9810
Griffith R. Fitzpatrick|In Lobortis Tellus LLP|4374 Egestas Av.|2020-03-07|2019-12-29|1607
McKenzie S. Nguyen|Et Nunc Quisque Limited|1375 Magna, Rd.|2019-12-02|2019-05-06|3714
Dennis W. Brock|Mi Fringilla LLC|165-6505 Arcu. Road|2019-09-07|2018-12-18|8560
Zoe Z. Parker|Orci In Consequat Industries|6257 Luctus Road|2019-12-04|2020-05-03|5664
Mari L. Sawyer|Dui Cras Pellentesque Ltd|1927 Tempor St.|2020-04-11|2020-06-15|1626
Joseph P. Lara|Tempus Non Lacinia Inc.|P.O. Box 820, 1314 Orci Street|2018-12-16|2020-01-15|5830
Maggie J. Pearson|Mi LLC|Ap #381-3752 Mauris, Av.|2020-08-17|2019-06-23|9971
Victoria V. Norris|Aliquet Limited|115-1361 Massa St.|2020-06-13|2019-06-05|5318
Davis G. Dyer|Nunc Incorporated|3952 Placerat, Ave|2020-06-19|2020-08-11|810
Walker D. Coffey|In Dolor Fusce PC|432-2203 Faucibus Ave|2020-05-02|2018-10-18|5085
Keelie Y. Hall|Vel Sapien Ltd|Ap #634-533 Commodo Av.|2019-02-20|2019-06-01|2215
Winter W. Dunn|Sapien Cursus LLP|Ap #538-8432 Purus Avenue|2019-10-24|2018-12-03|6556
Silas Q. Vang|Gravida Sagittis Duis Limited|3170 Ipsum. Rd.|2020-01-03|2019-09-03|6924
Hollee T. Monroe|Molestie Pharetra Nibh Company|P.O. Box 502, 2882 Orci Road|2019-12-10|2020-03-26|9359
Quentin E. Compton|Vel LLC|Ap #516-1602 Varius Av.|2020-06-22|2019-11-07|7517
Moana E. Schwartz|Malesuada Augue Ut Consulting|547-9722 Sem Av.|2020-03-31|2019-11-10|6225
Cameron G. Porter|Molestie Corp.|359-6406 Et Avenue|2019-08-17|2019-03-28|678
Sebastian R. Mcclain|Eu Odio Tristique Corporation|P.O. Box 740, 2309 Nulla Road|2019-07-04|2020-02-19|8122
Ezra Q. Ramos|Nisi Mauris Foundation|P.O. Box 722, 7818 Nunc Rd.|2019-11-15|2019-05-27|8614
Sopoline Q. Guy|Eu Eleifend Nec Industries|Ap #842-6182 Quisque St.|2018-11-10|2019-10-18|1791
Rana S. Mckinney|Lorem Tristique LLC|P.O. Box 713, 8654 Faucibus St.|2019-11-26|2018-12-24|3228
Illana S. Guy|Quisque Fringilla Limited|P.O. Box 173, 490 Egestas. Ave|2020-04-01|2019-08-02|208
Maggie W. Rowland|Suspendisse Aliquet Foundation|P.O. Box 310, 1029 Eget Ave|2019-06-06|2018-11-26|489
Carolyn B. Clarke|Gravida Corp.|Ap #455-1864 Dui, Avenue|2020-08-27|2019-12-30|3743
Michelle R. Medina|Consequat Purus Consulting|P.O. Box 758, 1259 Aenean Rd.|2020-01-18|2019-10-18|867
Ezekiel H. Hull|Sapien PC|P.O. Box 991, 9022 Mauris Ave|2019-06-03|2018-11-28|6990
Sylvester M. Jordan|Est Arcu Ac LLP|380-2019 Diam. Ave|2019-10-14|2019-09-09|1019
Yetta Z. Shepherd|Ac Institute|5688 Neque Street|2020-08-21|2019-08-31|5977
Veda J. Rosales|Euismod Mauris Eu Corp.|P.O. Box 550, 5608 In Ave|2018-09-28|2020-08-25|1272
Caleb V. Stokes|Quis Foundation|827-2521 Pellentesque Av.|2019-04-04|2020-02-01|4720
Josiah F. Dawson|Metus Corporation|863-7099 Quis St.|2019-08-29|2019-11-02|548
Astra T. Gill|Mauris Nulla Integer Company|P.O. Box 178, 7131 Integer St.|2020-03-03|2019-07-22|237
Neville M. Mcfarland|Mauris Vestibulum LLP|3836 Eget St.|2020-09-09|2018-09-27|4931
Guinevere E. Benson|Pede Limited|948-1126 Praesent St.|2019-11-10|2018-12-19|7642
Jorden A. Rowland|Interdum Associates|8087 Fusce Av.|2020-04-18|2019-09-30|7720
Roanna F. Humphrey|Eu Dolor Egestas Ltd|1006 Quam St.|2019-09-29|2018-10-08|4163
Dara P. Adkins|Nisl Elementum Purus Associates|Ap #991-5917 Suspendisse St.|2018-10-12|2020-06-19|5536
Zane A. Mccormick|Vestibulum Massa Rutrum Institute|625-277 Ut Road|2020-06-24|2018-09-15|3621
Mufutau J. Young|Dolor Sit Amet Corp.|P.O. Box 434, 1715 Aliquet St.|2019-02-14|2019-11-16|6674
Austin P. Hyde|Iaculis Aliquet Diam Company|Ap #138-1037 Pretium Rd.|2020-02-09|2020-03-12|348
Danielle R. Vaughan|Ante Company|P.O. Box 168, 618 Pellentesque Avenue|2020-06-18|2018-11-03|5904
Justine R. Galloway|Donec Inc.|773-5025 Donec Ave|2020-04-23|2020-01-15|165
Simon A. Romero|Suspendisse Foundation|596 Non, Ave|2020-05-15|2018-09-23|1313
Marsden E. Chang|Ac Mi Corp.|140-6296 Vitae Rd.|2019-09-10|2018-10-31|557
MacKenzie R. Barnes|Ac Orci Ut Inc.|P.O. Box 588, 5641 Cursus St.|2019-08-30|2020-05-02|7063
Xanthus T. Bradshaw|Sed LLC|Ap #897-8116 Ut Rd.|2019-09-25|2019-01-12|9837
Colt W. Ellis|Nisl Nulla Institute|Ap #806-2108 Donec Av.|2020-03-30|2020-08-02|5400
Vincent M. Browning|Non Enim LLP|6657 Diam Av.|2019-05-31|2019-03-17|9634
Arsenio H. Dillon|Facilisis Limited|Ap #308-2043 Adipiscing Av.|2019-08-11|2019-12-10|481
Peter T. Rios|Lectus Inc.|Ap #422-6406 Nec, St.|2019-02-01|2020-03-29|9530
Denton J. Potter|Condimentum Donec Incorporated|Ap #909-2705 Ornare St.|2019-01-14|2020-08-11|5862
Althea O. Ballard|Nullam Limited|Ap #465-4497 Erat Road|2020-03-12|2019-01-14|1837
Noble I. Osborn|Urna Et Industries|Ap #812-3345 Natoque Street|2020-02-14|2019-06-05|2920
Blake B. Chavez|Pede Ultrices A Corp.|P.O. Box 358, 6567 Euismod Av.|2019-11-21|2020-07-24|4830
Anne S. Lowe|Aenean Ltd|737-2414 Lacus Rd.|2019-01-14|2019-05-14|6597
Joseph I. Marshall|Neque Nullam Inc.|P.O. Box 786, 5539 Curae; Av.|2019-03-30|2019-08-21|519
Stewart I. Coffey|Metus Urna Convallis Company|3267 Mi Road|2019-02-18|2019-09-30|6248
Eden G. Herring|Imperdiet Erat Nonummy LLP|P.O. Box 903, 9287 Purus Road|2018-12-07|2019-11-18|4114
Jesse Q. Perkins|Natoque Penatibus Et LLP|Ap #821-5435 Fusce St.|2019-03-29|2020-06-08|9514
Brian K. Warren|Phasellus Foundation|254-3899 Pede, Ave|2019-05-27|2019-12-09|2931
Indira H. Blankenship|Phasellus In Felis PC|786-9426 Rutrum Av.|2019-10-23|2019-12-09|1960
Dakota R. Estes|Molestie In Tempus Incorporated|P.O. Box 970, 6465 In Street|2018-12-18|2019-12-18|2402
Darrel L. George|Dolor Corporation|9953 Inceptos St.|2019-11-08|2020-02-23|1535
Carly K. Kinney|Orci Donec Consulting|5700 Curabitur Av.|2019-04-10|2019-07-09|3763
Virginia P. Sykes|Id LLP|P.O. Box 221, 9633 Accumsan Ave|2019-03-06|2020-05-29|501
Portia Z. Avila|Maecenas Industries|438-5990 Fusce Road|2019-05-08|2020-02-24|7177
Coby V. Shepard|Neque LLP|4347 Rutrum. St.|2019-06-04|2020-01-28|3890
Brenna K. Randall|Eget Ipsum Corp.|P.O. Box 979, 3381 Metus. Rd.|2020-02-18|2020-02-24|9447
Briar Q. Vazquez|Mauris Ut Incorporated|5173 Gravida Street|2019-12-13|2019-04-04|1858
Dale J. Shields|Tincidunt Corporation|P.O. Box 380, 808 Varius St.|2019-11-17|2019-01-18|6706
Quentin S. Howe|Nulla PC|Ap #204-9956 In Road|2020-03-17|2018-11-12|5495
Vanna U. Bird|Dis Parturient Montes Inc.|Ap #573-6796 Eu Street|2020-06-27|2019-12-19|5512
Mark T. Carr|Ante Ipsum Limited|171-6754 Aliquam Rd.|2020-07-15|2019-09-20|2169
Erasmus A. Cox|Gravida Mauris Institute|300-4310 A, Avenue|2018-10-21|2018-11-03|1265
Basil R. George|In Company|456-1723 Ipsum Av.|2019-08-16|2019-04-25|2939
Whitney V. Mooney|Commodo Industries|497-966 Convallis, Rd.|2019-05-03|2019-04-18|4773
Mariam S. Oneal|Donec Vitae Erat Consulting|P.O. Box 347, 243 Lectus. Road|2019-12-03|2020-07-08|9691
Chancellor Y. Horn|In Institute|P.O. Box 411, 2527 Ut Ave|2020-08-19|2019-10-24|7123
Winter I. Chen|Ut Tincidunt Orci Limited|9679 Arcu. Street|2018-10-26|2020-01-12|1764
Brennan X. Alston|Quis Massa Mauris Associates|306 Velit. Rd.|2019-12-29|2019-10-29|4797
Dorian F. Mack|Curabitur Sed Tortor Incorporated|Ap #785-4828 Urna Ave|2019-01-01|2020-04-05|258
Odessa I. Gonzalez|Sem Ut Cursus Incorporated|524-5356 Mi Rd.|2018-10-24|2019-06-12|2351
Giacomo R. Blackwell|In Faucibus Associates|P.O. Box 363, 4051 Tempor Av.|2018-12-21|2019-06-24|9318
Lacey G. Griffith|Suspendisse PC|Ap #590-1476 In Avenue|2018-11-27|2019-06-24|834
Zena P. Nieves|Mollis Non Cursus Foundation|P.O. Box 605, 9231 Mauris Road|2020-07-31|2019-09-30|7597
Bradley L. Sweeney|Donec Feugiat Metus Company|153-5140 Molestie St.|2018-11-28|2018-10-10|8583
Imogene A. Berg|Mollis Lectus Pede Foundation|584-2451 Ut Road|2019-04-30|2019-05-23|5176
Vielka D. Clarke|Orci Institute|1447 Non St.|2019-12-29|2018-09-27|1216
Flynn G. Barron|Donec Dignissim PC|P.O. Box 258, 1600 Viverra. Street|2020-04-06|2019-01-21|6446
Steel M. Weber|Per Inceptos Hymenaeos Corporation|P.O. Box 842, 4807 Luctus St.|2020-04-16|2019-09-13|3765
Tanisha D. Mcdonald|Aenean PC|1126 Facilisis St.|2019-01-28|2020-08-08|3895
Colby Z. Hoover|Ac Turpis Egestas LLP|397-8856 Quis Street|2020-02-22|2018-10-26|312
Quentin Y. Sawyer|Nunc Est Mollis Incorporated|308-7002 Auctor Ave|2019-04-23|2019-09-25|4122
Chandler E. Rocha|Dapibus Id Corporation|Ap #514-2420 Mauris. Rd.|2019-12-04|2018-10-24|8771
Chava B. Hill|Mollis Institute|379-4955 Torquent Av.|2019-11-23|2019-06-10|6279
Kenyon C. Black|Placerat Eget LLP|1290 Erat Rd.|2018-12-18|2019-05-18|7277
Barclay V. Craig|Phasellus Associates|P.O. Box 458, 8874 Ante Rd.|2020-04-03|2019-03-22|1962
Lisandra S. Daugherty|Ligula Ltd|290-529 Imperdiet St.|2019-11-10|2020-01-08|5652
Hollee I. Gates|Vitae Posuere At PC|Ap #463-7396 Et Rd.|2019-01-18|2018-09-28|4063
Naomi D. David|Quis Lectus PC|Ap #509-8031 Scelerisque Av.|2020-07-19|2019-07-21|776
Cody O. Lynn|Fames Ac Turpis Ltd|1497 Parturient Avenue|2020-02-24|2020-03-14|8824
Latifah Q. Heath|Luctus Et Ultrices LLP|518-2722 Vel Avenue|2019-10-08|2020-05-28|2221
Blaze N. Schmidt|Luctus Aliquet Company|9203 Ornare, St.|2020-01-07|2019-06-18|3614
Prescott T. Castillo|Quisque Tincidunt Pede Consulting|P.O. Box 592, 7869 Semper Avenue|2020-02-12|2019-10-05|459
Brenden P. Kemp|Ut Nulla Limited|P.O. Box 865, 9741 Convallis Av.|2019-04-17|2020-03-22|4365
Dawn O. Carroll|Dui Suspendisse Incorporated|P.O. Box 321, 2757 Nulla Rd.|2019-02-08|2019-05-23|2993
Nomlanga M. Vinson|Interdum Nunc Sollicitudin Industries|Ap #481-9656 Ipsum Avenue|2018-12-21|2020-03-18|8307
Sheila X. Finch|In LLP|P.O. Box 441, 8893 Arcu. Av.|2020-03-15|2018-12-26|4764
Latifah L. Cortez|Sed Leo Consulting|Ap #784-3947 Gravida. Rd.|2019-08-17|2019-05-07|7580
Reagan F. Riley|Et Magnis Ltd|Ap #791-9016 Nunc Road|2018-09-27|2018-09-25|8489
Walter A. Lloyd|Lectus Nullam Suscipit Inc.|Ap #176-2180 Ut Rd.|2019-09-05|2019-06-21|7041
Harper I. Roy|Tellus Imperdiet Corporation|325-1021 Vitae, Avenue|2020-02-05|2020-04-06|9839
Rhona Z. Osborne|Posuere Vulputate Company|703 Arcu. Av.|2019-12-05|2020-03-26|9896
Carol A. Cooke|Nulla Integer Associates|4293 Aliquam Road|2020-08-08|2019-11-24|9312
Drake M. Avery|Turpis Non Ltd|588-8978 Amet, Ave|2019-03-02|2020-03-06|7508
Olga I. Thornton|Nulla At Sem LLC|P.O. Box 660, 9456 Purus. Avenue|2019-07-06|2019-09-29|3919
Xena K. Stokes|Lorem Eu Metus Institute|P.O. Box 636, 1740 Nam Rd.|2019-06-21|2020-06-11|3026
Cassidy K. Potts|Cursus Consulting|199 Duis Av.|2020-05-17|2019-04-11|3691
Kylee P. Robles|In Nec Orci Corp.|P.O. Box 421, 5104 Eu Road|2020-04-24|2020-04-09|1938
Jarrod N. Robles|Velit Ltd|1995 Semper St.|2019-06-27|2019-01-15|9954